," delivery_id "," city       "," courier  "," age "," experience "," distance_km "," delivery_time_min "," rating "," weather "," price "
,""," ---------- "," -------- "," --: "," ---------: "," ----------: "," ----------------: "," -----: "," ------- "," ----: "
," 1           "," Casablanca "," Ahmed    ","  25 ","          2 ","         5.2 ","                28 ","    4.5 "," Sunny   ","    35 "
," 2           "," Rabat      "," Youssef  ","  31 ","          5 ","         8.1 ","                42 ","    4.2 "," Rain    ","    50 "
," 3           "," Casablanca "," Hamza    ","  22 ","          1 ","         3.5 ","                20 ","    4.8 "," Sunny   ","    25 "
," 4           "," Marrakech  "," Omar     ","  28 ","          4 ","        12.0 ","                55 ","    3.9 "," Windy   ","    70 "
," 5           "," Rabat      "," Ayoub    ","  35 ","          8 ","         6.7 ","                35 ","    4.6 "," Sunny   ","    45 "
," 6           "," Agadir     "," Mehdi    ","  24 ","          2 ","         9.5 ","                48 ","    4.0 "," Rain    ","    60 "
," 7           "," Casablanca "," Karim    ","  29 ","          6 ","        15.2 ","                65 ","    3.7 "," Rain    ","    85 "
," 8           "," Marrakech  "," Anas     ","  26 ","          3 ","         4.8 ","                30 ","    4.4 "," Sunny   ","    40 "
," 9           "," Agadir     "," Reda     ","  32 ","          7 ","         7.3 ","                38 ","    4.7 "," Windy   ","    55 "
," 10          "," Rabat      "," Ismail   ","  23 ","          1 ","        11.5 ","                52 ","    3.8 "," Rain    ","    65 "
," 11          "," Casablanca "," Bilal    ","  27 ","          4 ","         6.2 ","                33 ","    4.3 "," Sunny   ","    42 "
," 12          "," Agadir     "," Zakaria  ","  30 ","          5 ","        13.8 ","                58 ","    4.1 "," Windy   ","    75 "
," 13          "," Marrakech  "," Soufiane ","  21 ","          1 ","         2.9 ","                18 ","    4.9 "," Sunny   ","    20 "
," 14          "," Rabat      "," Hamid    ","  38 ","         10 ","         5.5 ","                31 ","    4.5 "," Sunny   ","    38 "
," 15          "," Casablanca "," Othmane  ","  33 ","          7 ","        10.4 ","                47 ","    4.0 "," Windy   ","    62 "