Étape,Tâche,Concepts à comprendre,Fichier / emplacement,Résultat attendu,Statut
0 - Setup,Comprendre le dataset et le brief,"Dataset, features, target, variable numérique/catégorielle",notebooks/00_overview.ipynb,Compréhension du problème et des colonnes,Obligatoire
0 - Setup,Installer et préparer l'environnement,"Python, pandas, numpy, matplotlib, seaborn, scikit-learn, streamlit, joblib, jupyter",requirements.txt,Environnement prêt,Obligatoire
0 - Setup,Organiser le projet,"Architecture projet, séparation data/notebooks/src/models/app",Structure du projet,Projet organisé,Obligatoire
1 - Data Cleaning,Charger le CSV,"pd.read_csv, DataFrame",notebooks/01_data_cleaning.ipynb,DataFrame chargé,Obligatoire
1 - Data Cleaning,Inspecter la structure,"shape, head, info, describe, dtypes",notebooks/01_data_cleaning.ipynb,Diagnostic initial,Obligatoire
1 - Data Cleaning,Nettoyer les valeurs texte,"str.strip, str.replace, regex, extraction de valeurs",src/preprocessing/cleaning.py,Colonnes textuelles nettoyées,Obligatoire
1 - Data Cleaning,Convertir les types,"astype, pd.to_numeric, datetime",src/preprocessing/cleaning.py,Types corrects,Obligatoire
1 - Data Cleaning,Traiter les valeurs manquantes,"isna, imputation, médiane, mode",src/preprocessing/cleaning.py,Dataset sans problèmes de missing,Obligatoire
1 - Data Cleaning,Détecter les valeurs aberrantes,"IQR, boxplot, domaine métier",notebooks/01_data_cleaning.ipynb + cleaning.py,Outliers identifiés et traités,Obligatoire
1 - Data Cleaning,Supprimer les doublons,"duplicated, drop_duplicates",src/preprocessing/cleaning.py,Dataset dédupliqué,Obligatoire
1 - Data Cleaning,Justifier chaque décision,"Traçabilité, justification métier",notebooks/01_data_cleaning.ipynb,Explications des choix,Obligatoire
2 - EDA,Faire les statistiques descriptives,"mean, median, std, min, max, value_counts",notebooks/02_eda.ipynb,Résumé statistique,Obligatoire
2 - EDA,Analyser Time_taken(min),"Target, distribution, histogramme, boxplot",notebooks/02_eda.ipynb,Compréhension de la cible,Obligatoire
2 - EDA,Analyser les variables numériques,"Scatterplot, histogramme, boxplot",notebooks/02_eda.ipynb,Relations numériques,Obligatoire
2 - EDA,Analyser les variables catégorielles,"Groupby, boxplot, barplot",notebooks/02_eda.ipynb,Relations catégorielles,Obligatoire
2 - EDA,Créer la matrice de corrélation,"corr, heatmap, Pearson",notebooks/02_eda.ipynb,Corrélations interprétées,Obligatoire
2 - EDA,Identifier les variables importantes,"Corrélation, analyse métier",notebooks/02_eda.ipynb,Variables potentiellement utiles,Obligatoire
3 - Feature Engineering,Créer au moins 2 nouvelles features,"Feature engineering, transformation de variables",src/preprocessing/features.py + notebook,≥ 2 nouvelles features,Obligatoire
3 - Feature Engineering,Calculer la distance si possible,"Latitude/longitude, distance géographique, Haversine",src/preprocessing/features.py,distance_km,Obligatoire si coordonnées disponibles
3 - Feature Engineering,Extraire l'heure / période,"Datetime, hour, peak hour",src/preprocessing/features.py,"hour, is_peak_hour",Obligatoire si heure/date disponible
3 - Feature Engineering,Vérifier les nouvelles features,"Distribution, corrélation, validation métier",notebooks/03_feature_engineering.ipynb,Features validées,Obligatoire
4 - Preprocessing,Séparer X et y,"Features X, target y",src/modeling/train.py,X et y prêts,Obligatoire
4 - Preprocessing,Faire train/test split,"train_test_split, 80/20, random_state",src/modeling/train.py,Train et test,Obligatoire
4 - Preprocessing,Identifier numériques/catégorielles,"ColumnTransformer, sélection de colonnes",src/modeling/train.py,Colonnes séparées,Obligatoire
4 - Preprocessing,Encoder les variables catégorielles,OneHotEncoder,src/modeling/train.py,Features numériques,Obligatoire
4 - Preprocessing,Standardiser ou normaliser,StandardScaler / MinMaxScaler,src/modeling/train.py,Échelles harmonisées,Obligatoire
4 - Preprocessing,Construire le Pipeline sklearn,"Pipeline, ColumnTransformer, data leakage",src/modeling/train.py,Pipeline sans fuite de données,Obligatoire
5 - Model Training,Entraîner Linear Regression,Régression supervisée,src/modeling/train.py,Modèle 1,Obligatoire
5 - Model Training,Entraîner Decision Tree,"Arbre de décision, hyperparamètres",src/modeling/train.py,Modèle 2,Obligatoire
5 - Model Training,Entraîner Random Forest,"Bagging, ensemble learning",src/modeling/train.py,Modèle 3,Obligatoire
5 - Model Training,Entraîner Gradient Boosting,"Boosting, ensemble learning",src/modeling/train.py,Modèle 4,Obligatoire
5 - Model Training,Comparer les modèles,"MAE, MSE, RMSE, R²",src/modeling/evaluate.py + notebook,Tableau comparatif,Obligatoire
6 - Optimization,Choisir le modèle à affiner,"Comparaison des métriques, généralisation",notebooks/05_model_optimization.ipynb,Modèle candidat,Obligatoire
6 - Optimization,Définir la grille d'hyperparamètres,"Hyperparameters, GridSearchCV / RandomizedSearchCV",src/modeling/optimize.py,Search space,Obligatoire
6 - Optimization,Optimiser le modèle,"Cross-validation, CV, scoring",src/modeling/optimize.py,Best estimator,Obligatoire
6 - Optimization,Évaluer sur le test final,"MAE, RMSE, R², R² ajusté",src/modeling/evaluate.py,Performance finale,Obligatoire
6 - Optimization,Analyser overfitting,"Train vs test, généralisation",notebooks/05_model_optimization.ipynb,Analyse du surapprentissage,Obligatoire
6 - Optimization,Sauvegarder le pipeline,"joblib, serialization",models/delivery_eta_pipeline.pkl,Pipeline réutilisable,Obligatoire
7 - Streamlit,Charger le modèle sauvegardé,"joblib.load, inference",app/streamlit_app.py,Modèle chargé,Obligatoire
7 - Streamlit,Créer les champs de saisie,"st.number_input, st.selectbox, widgets",app/streamlit_app.py,Formulaire utilisateur,Obligatoire
7 - Streamlit,Préparer les données d'entrée,Même preprocessing que training,app/streamlit_app.py,Input compatible modèle,Obligatoire
7 - Streamlit,Afficher la prédiction ETA,"model.predict, interface utilisateur",app/streamlit_app.py,ETA en minutes,Obligatoire
7 - Streamlit,Afficher les visualisations,"Plotly/Matplotlib, charts",app/streamlit_app.py,Dashboard,Obligatoire
7 - Streamlit,Afficher les métriques du modèle,"MAE, RMSE, R²",app/streamlit_app.py,Performance visible,Obligatoire
7 - Streamlit,Tester plusieurs scénarios,"Inference, validation fonctionnelle",notebooks/ + app/,Prédictions vérifiées,Obligatoire
8 - Bonus,Exposer le modèle avec FastAPI,"API REST, POST, Pydantic",api/,Endpoint /predict,Bonus
8 - Bonus,Automatiser avec Airflow,"DAG, scheduling, pipeline ML",airflow/dags/,Training automatisé,Bonus
8 - Bonus,Suivre les expériences avec MLflow,"Experiment tracking, runs, artifacts",mlruns/ ou config MLflow,Historique des expériences,Bonus
9 - Documentation,Rédiger le README,"Problem, dataset, installation, pipeline, résultats",README.md,Documentation complète,Obligatoire
9 - Documentation,Documenter les choix,Justification technique et métier,README.md + notebooks,Décisions expliquées,Obligatoire
